topic_id,top_terms
0,"parts, engine, aerospace, reflection, decade, reproducibility, moving, mind, turn, plans, materials, 3d"
1,"openai, reddit, news, ai, source, open source, secret, open, secrets, tiktok, removed reddit, secret service"
2,"data, model, models, training, using, code, use, reasoning, time, train, github, python"
3,"ai, like, google, just, think, new, models, people, research, intelligence, tools, ai models"
4,"2025, switch, nintendo, virtual, game, industry, cards, decisions, gaming, linux, october, xbox"
5,"windows, pc, laptop, help, tried, screen, issue, drive, just, game, fix, account"
6,"like, people, years, know, think, just, really, security, good, looking, time, don"
7,"iphone, phone, battery, apple, power, pro, 17, way, 10, pixel, xiaomi, iphone air"
8,"new, china, ads, cancer, malware, price, rust, microsoft, robots, says, world, google"
9,"quantum, use, computing, solar, new, drug, breakthrough, quantum computing, ve, promising, design, scientists"
